eval/episode_length,eval/episode_length_std,eval/normalized_episode_reward,eval/normalized_episode_reward_std,loss,timestep
1000.0,0.0,2.0508686855443536,2.2762889537275464,0.2876961823663924,7813
1000.0,0.0,15.331167776272414,6.662511670699946,0.07456797790070754,15626
1000.0,0.0,1.5370897693906886,2.5273213832374504,0.05635519084564369,23439
1000.0,0.0,3.4663785542151535,4.799339136126586,0.04992155462997432,31252
1000.0,0.0,2.2177567477719906,2.637349846837381,0.04721733843999485,39065
1000.0,0.0,7.7996919576006905,6.720269965067861,0.04542413721633232,46878
1000.0,0.0,17.21537800159091,14.44466664543648,0.04434449058066576,54691
1000.0,0.0,2.9609566092298576,3.3796305833051736,0.04354610927493556,62504
1000.0,0.0,2.188535295630833,3.0775731094381578,0.04295543058142763,70317
1000.0,0.0,3.4036147249521096,3.839330004996002,0.04232431226442717,78130
1000.0,0.0,4.19382112505196,3.972242722965378,0.041627341259400395,85943
1000.0,0.0,12.942445556814054,14.144091446605447,0.04130026410884168,93756
1000.0,0.0,12.446303708374534,14.306205470050285,0.04094330102999629,101569
1000.0,0.0,2.897715177566266,3.849188064470003,0.040626979572823796,109382
1000.0,0.0,9.742431476806585,14.111809838619177,0.040229693851181615,117195
1000.0,0.0,3.268578367816476,3.508667608409339,0.04002721964765565,125008
1000.0,0.0,21.518216622081095,19.347483291163062,0.03974111638338589,132821
1000.0,0.0,19.71227341515506,19.156069812906587,0.039663784392106397,140634
1000.0,0.0,21.204564422698308,22.31144742852644,0.039407198215193305,148447
1000.0,0.0,27.911244315239582,22.02548827864329,0.03911807991346839,156260
1000.0,0.0,16.340023952777983,18.43479022363162,0.03907775666846505,164073
1000.0,0.0,28.0794121088256,21.76512745566278,0.03879477461528431,171886
1000.0,0.0,13.693560286999137,14.808175108854742,0.03881087218590456,179699
1000.0,0.0,15.44472661762958,17.221125223341627,0.038515426554419634,187512
1000.0,0.0,30.188489926812984,26.098918011858956,0.03849910123257727,195325
1000.0,0.0,20.242623651715093,16.878027376896544,0.03818803203683067,203138
1000.0,0.0,36.9052989356315,25.387435731457302,0.03821493715641936,210951
1000.0,0.0,2.5019982296323473,4.120356183268017,0.03808092645171746,218764
1000.0,0.0,19.933846219268656,21.54707176524443,0.03783041554406958,226577
1000.0,0.0,20.151966327913076,21.275515062334097,0.03780477459289871,234390
1000.0,0.0,25.196370335581967,33.217178980063125,0.037808793911496524,242203
1000.0,0.0,17.279285365223558,21.463466811721897,0.037773024000186305,250016
1000.0,0.0,4.784792713040163,5.639517041041355,0.03770229233621718,257829
1000.0,0.0,41.45192537769039,30.310026573392484,0.03750072497887381,265642
1000.0,0.0,41.37850520433678,15.135772664429433,0.03744956713685266,273455
1000.0,0.0,20.157168892477035,19.390686504801998,0.037354094227238184,281268
1000.0,0.0,5.805269385933977,10.037560907917165,0.03731319873153793,289081
1000.0,0.0,15.792400096601398,18.293848815141892,0.03713681346524804,296894
1000.0,0.0,21.123780175358593,22.424343277696412,0.03710941257665468,304707
1000.0,0.0,43.87651985235163,28.625341931563835,0.03713915263405454,312520
1000.0,0.0,18.588851489231146,28.134281337949606,0.03709306187367937,320333
1000.0,0.0,32.46528081050633,33.32133385791289,0.03701487640160921,328146
1000.0,0.0,33.22978340808571,31.326900333708856,0.03693206486995813,335959
1000.0,0.0,20.22142742808452,23.566904713682135,0.03689248855972529,343772
1000.0,0.0,68.85438323956767,9.077825028729592,0.036770606211556096,351585
1000.0,0.0,38.54334497158757,19.593074283039282,0.03672936559486349,359398
1000.0,0.0,50.413878743211804,5.38112517924726,0.03667191666849316,367211
1000.0,0.0,49.77146068107624,31.611071453347844,0.03670064546787712,375024
1000.0,0.0,11.711874942352727,19.502651342873286,0.0366991014807127,382837
1000.0,0.0,50.66756654847973,19.3234681886256,0.036599779306782064,390650
1000.0,0.0,9.656889998022828,9.461373330029824,0.03654682491192557,398463
1000.0,0.0,56.5157407994594,24.560714189701873,0.03646597041716657,406276
1000.0,0.0,48.5741667478513,4.192232172792021,0.036429013119280984,414089
1000.0,0.0,17.302119013898484,33.005618653087346,0.03643092560169086,421902
1000.0,0.0,26.29771304388363,20.670639908832918,0.03642345269462261,429715
1000.0,0.0,55.21250237349544,28.235492439339076,0.036339170223539045,437528
1000.0,0.0,23.608241543059478,21.96015675826341,0.03629066165582909,445341
1000.0,0.0,46.81448823759368,10.167570228963816,0.03619521079137007,453154
1000.0,0.0,58.94509812689363,23.0298486479165,0.03623240945068517,460967
1000.0,0.0,51.903483025455785,26.38095742872571,0.036257700240302705,468780
1000.0,0.0,68.56300747035073,23.19096446626309,0.03619755560628268,476593
1000.0,0.0,41.233698054286776,22.072616337469785,0.03612661727190459,484406
1000.0,0.0,59.378324333706544,27.4386822257539,0.03610051484962329,492219
1000.0,0.0,18.93237843455442,25.25677006505199,0.03604629460369849,500032
1000.0,0.0,51.63968400600866,8.07969683807001,0.03604987279175708,507845
1000.0,0.0,52.69684434693601,25.769981386072605,0.03589229614951986,515658
1000.0,0.0,52.583166917274994,26.625417130026797,0.03605193849955799,523471
1000.0,0.0,47.058324999193694,30.071153029719376,0.0359479286004054,531284
1000.0,0.0,12.30307631025353,16.049147590173426,0.035984267497240825,539097
1000.0,0.0,39.332921361731486,27.10158236314715,0.035869602580517745,546910
1000.0,0.0,58.57399265301078,22.712090970417183,0.0358802821529148,554723
1000.0,0.0,42.36302024489195,21.626112809453957,0.03580348674957946,562536
1000.0,0.0,22.29055070802009,26.283912062250725,0.03581375469337188,570349
1000.0,0.0,37.211817634632574,34.95456934806108,0.03578002258594535,578162
1000.0,0.0,3.083752688677867,4.421347872108241,0.03577642779738661,585975
1000.0,0.0,12.894587628773788,23.047813637926822,0.035702209577343734,593788
1000.0,0.0,44.22695323659093,3.3694113809855235,0.035845147143740985,601601
1000.0,0.0,72.25461324645153,11.283117475180605,0.035765945198581305,609414
1000.0,0.0,60.791307385956536,30.983897778343195,0.03573090369381276,617227
1000.0,0.0,51.370469193923505,19.640644760254062,0.035662059741194824,625040
1000.0,0.0,6.071202241518444,7.15382962541217,0.03564428437144053,632853
1000.0,0.0,46.50067137024541,10.328818048612844,0.035611904999981486,640666
1000.0,0.0,17.824026768976907,17.90875712774454,0.035660437541291355,648479
1000.0,0.0,30.1456015827489,23.557183561745415,0.03559190294058454,656292
1000.0,0.0,57.51336429668391,36.30088558787738,0.035546430972002316,664105
1000.0,0.0,82.0481172713912,11.46238069839166,0.035473803198209516,671918
1000.0,0.0,76.7416498066583,9.311279310725926,0.035441874984056244,679731
1000.0,0.0,56.51992914191608,28.98972178833022,0.035435739624040945,687544
1000.0,0.0,7.948037037228074,6.852655344347201,0.035494296837149296,695357
1000.0,0.0,61.316283235842306,28.13661551420183,0.03555172039287646,703170
1000.0,0.0,42.55527657172816,22.168860300782974,0.03542991599973256,710983
1000.0,0.0,53.471334962850726,32.25608790610284,0.035421454308929796,718796
1000.0,0.0,58.27848608269759,21.71953917170952,0.03539242726675204,726609
1000.0,0.0,65.05853394860232,13.052670271674602,0.03539345937170876,734422
1000.0,0.0,54.13654471689543,24.042704149637167,0.03548869095946789,742235
1000.0,0.0,43.49269036864214,20.184425654216078,0.035338480148545896,750048
1000.0,0.0,45.45745342317991,29.69404188654504,0.03534397150728516,757861
1000.0,0.0,36.68068435032509,28.86668331283956,0.03527327076875588,765674
1000.0,0.0,52.4727327799025,3.8048929136472287,0.035416240006319336,773487
1000.0,0.0,68.90497812733673,12.687483417594725,0.035279451392502444,781300
1000.0,0.0,50.67601132260011,42.46674960430993,0.035219876513096875,789113
1000.0,0.0,4.321217271534874,5.437641563442976,0.035230372412899724,796926
1000.0,0.0,46.49954293715607,13.43820493911155,0.03526408247707886,804739
1000.0,0.0,69.32121484419358,14.347102831503685,0.03525208496367902,812552
1000.0,0.0,55.55699189040174,8.668674511165273,0.035157017036461624,820365
1000.0,0.0,60.709077132004275,25.894537146249657,0.035249180089537806,828178
1000.0,0.0,69.81082586781459,18.577239231800004,0.03518243859983666,835991
1000.0,0.0,70.0642182298526,15.205059406710216,0.03521305005165393,843804
1000.0,0.0,58.84875451004348,39.21920001304893,0.035139130294927275,851617
1000.0,0.0,75.11671471590462,10.544805668786326,0.035094261231179945,859430
1000.0,0.0,75.24028427585307,8.998542777045907,0.035159885846140354,867243
1000.0,0.0,50.45358930922974,40.043035190800694,0.03509701205338611,875056
1000.0,0.0,41.55565435447547,18.316293116634323,0.035058379534936686,882869
1000.0,0.0,77.81414683188137,13.985108470386958,0.03504836616870044,890682
1000.0,0.0,9.871573410641101,16.031747967921213,0.035119170665361445,898495
1000.0,0.0,53.571275323994236,24.335798812518586,0.034999613160820314,906308
1000.0,0.0,54.83776904975709,34.65957152765504,0.03497925246677718,914121
1000.0,0.0,77.75841866335273,7.949343039023428,0.034926464038300416,921934
1000.0,0.0,79.45209595371074,4.33722192012103,0.035018227851876436,929747
1000.0,0.0,6.534851827299532,5.993207625956617,0.035020959901489894,937560
1000.0,0.0,69.84176621912694,24.510840552754708,0.0349430398903259,945373
1000.0,0.0,85.73404577018839,4.819222551723773,0.035035923158643616,953186
1000.0,0.0,76.06169751549,25.92572602800211,0.03485110282595642,960999
1000.0,0.0,63.56089843743378,28.912274030476485,0.03490919686003253,968812
1000.0,0.0,76.4426059950061,16.83056047432346,0.03495491104328966,976625
1000.0,0.0,65.18752139768236,14.346217113333411,0.03488835356161672,984438
1000.0,0.0,58.4271060525129,8.709268036062992,0.03489567892635249,992251
1000.0,0.0,44.26365535155636,28.897845248652214,0.03482226163251874,1000064
1000.0,0.0,84.13771109890077,5.051858052269511,0.03491832439939197,1007877
1000.0,0.0,63.580945024153756,10.571518035091858,0.034817558237523326,1015690
1000.0,0.0,73.32411171345296,12.850673818970959,0.034791045568661264,1023503
1000.0,0.0,23.42891386852012,27.783758069984877,0.03484410425281189,1031316
1000.0,0.0,81.65699396288205,6.6595377158543485,0.034719207240527274,1039129
1000.0,0.0,74.50944653991449,13.732408373863711,0.034741439387530736,1046942
1000.0,0.0,6.7285581905969405,6.9244147061003885,0.03477418247448695,1054755
1000.0,0.0,70.87983985682723,25.677999545844422,0.034782266933039326,1062568
1000.0,0.0,77.65426218948144,14.10965064743794,0.034771180255501744,1070381
1000.0,0.0,59.901470183329444,30.49942641715201,0.03476372211179798,1078194
1000.0,0.0,66.4515211126807,33.062646112620236,0.034707190468669005,1086007
1000.0,0.0,59.29371034819456,36.719265752909784,0.03470895437765222,1093820
1000.0,0.0,83.3340669599084,9.61074394602389,0.03474447718368143,1101633
1000.0,0.0,83.34879687713034,11.150571448064134,0.03468421193903765,1109446
1000.0,0.0,49.73878531752116,24.160707414705158,0.0347160990608022,1117259
1000.0,0.0,61.60899348520511,20.77525804612531,0.03469761517425729,1125072
1000.0,0.0,78.61662849005657,15.340736549995595,0.03462324333736599,1132885
1000.0,0.0,75.17615668143961,10.755531009337766,0.03470560388264522,1140698
1000.0,0.0,80.89254169487597,9.73523843515772,0.03466698452143733,1148511
1000.0,0.0,67.86450887922148,10.630243007578676,0.034598139622357346,1156324
1000.0,0.0,55.16926224504353,21.663982516259132,0.03461373421990163,1164137
1000.0,0.0,80.4731841684438,4.3639099735488776,0.03462209779820218,1171950
1000.0,0.0,48.41881146904464,4.269586540115623,0.03456423485061082,1179763
1000.0,0.0,72.27994012764353,17.411072604203863,0.034544565995854246,1187576
1000.0,0.0,77.74458900706483,5.696736256222935,0.03460108841825772,1195389
1000.0,0.0,51.543004694141835,12.429115454313573,0.03449704868745899,1203202
1000.0,0.0,63.060760410656535,8.154457410834793,0.034483866922726016,1211015
1000.0,0.0,83.07149117264306,9.097654855271378,0.03444637855068807,1218828
1000.0,0.0,58.868383722086804,28.022815511446495,0.034568870984161885,1226641
1000.0,0.0,70.14365469255276,23.734100891096872,0.03450810308828631,1234454
1000.0,0.0,81.39819553510414,7.447986016941095,0.034465625833514646,1242267
1000.0,0.0,83.46721990364017,4.367739572137959,0.0344703247319847,1250080
1000.0,0.0,83.05622660022213,7.240628704819597,0.03457407322189569,1257893
1000.0,0.0,80.61920371573054,10.403074789557293,0.03443137227675477,1265706
1000.0,0.0,83.14753472948772,4.147026949540892,0.034520306637226605,1273519
1000.0,0.0,73.36764099503874,13.967466631249215,0.03439739197454427,1281332
1000.0,0.0,89.04470751432497,5.757463677525847,0.034544829083455096,1289145
1000.0,0.0,69.77549062113386,24.312043839726176,0.034478385897340674,1296958
1000.0,0.0,82.1549786305038,3.802470637852262,0.03448858977548532,1304771
1000.0,0.0,86.18210527748941,6.483703083128139,0.034359492034932916,1312584
1000.0,0.0,88.78350916292564,4.833697898708717,0.03444744274425492,1320397
1000.0,0.0,85.06591806343357,8.731744375927548,0.034327966847316205,1328210
1000.0,0.0,83.35641488247681,7.2571939822728,0.03432498766190637,1336023
1000.0,0.0,77.55215903852095,14.542523429391826,0.03439945434350643,1343836
1000.0,0.0,59.742867099818056,20.50601090716002,0.03430329252434474,1351649
1000.0,0.0,78.46163992653129,9.248558576333748,0.03429611176958049,1359462
1000.0,0.0,71.21725828292449,28.94788954561142,0.034287690190136166,1367275
1000.0,0.0,7.419733660048775,10.787443839366095,0.03429729248372387,1375088
1000.0,0.0,87.55254486196105,3.934100755926559,0.03427902891856213,1382901
1000.0,0.0,73.04041384042867,15.062911525166003,0.034381850185720285,1390714
1000.0,0.0,70.4077913891359,14.450249584403444,0.03429521745673714,1398527
1000.0,0.0,77.13574919623113,28.165649107608594,0.034336127932272274,1406340
1000.0,0.0,34.68257474027653,12.458439297935575,0.034271979672553465,1414153
1000.0,0.0,90.15331242755231,3.991912748567808,0.034286768598946894,1421966
1000.0,0.0,68.36542433493354,27.585089363129146,0.0342228178332542,1429779
1000.0,0.0,25.099348378554065,37.03192579479035,0.03422729590588005,1437592
1000.0,0.0,72.80569282912931,10.665077285665069,0.034196918806197005,1445405
1000.0,0.0,84.93659246043718,10.824571840688137,0.034187135018067964,1453218
1000.0,0.0,64.09775970447966,17.757440669897242,0.03421015035455019,1461031
1000.0,0.0,72.21474397194928,13.49709350533597,0.034244287959324236,1468844
1000.0,0.0,64.34957344934182,10.670583082679205,0.034170502222932046,1476657
1000.0,0.0,69.96061418430979,26.860064792100008,0.03420674091241478,1484470
1000.0,0.0,77.35508889655102,13.863297929590674,0.03419305705908231,1492283
1000.0,0.0,80.19568933863637,8.093672762223058,0.03408985052381287,1500096
1000.0,0.0,80.48014934986094,28.41765144043929,0.03410084401902817,1507909
1000.0,0.0,22.307154423634238,21.64233741127109,0.0341495520490224,1515722
1000.0,0.0,59.483075306811386,17.683544751875292,0.03411207004092302,1523535
1000.0,0.0,81.4934199990246,4.405721413734214,0.03413676846551664,1531348
1000.0,0.0,85.0376249531578,11.194909011105247,0.034042866342223,1539161
1000.0,0.0,74.41313920835792,17.872449841767,0.034092788126438345,1546974
1000.0,0.0,36.54527349204352,18.507603839754267,0.0340280393373354,1554787
1000.0,0.0,16.23717429599954,16.77898764498644,0.03399408006039081,1562600
1000.0,0.0,79.14631336324496,4.029651613921165,0.0340995718862704,1570413
1000.0,0.0,73.2151602988856,9.24163935132205,0.0340305458729033,1578226
1000.0,0.0,77.77440595145598,29.01024072396845,0.033951887071064,1586039
1000.0,0.0,57.498059735387045,37.62520496913344,0.03402002917765466,1593852
1000.0,0.0,84.58037056768006,3.6206362277579687,0.03401106247161283,1601665
1000.0,0.0,30.961072824382903,16.30182077451959,0.03401416638034287,1609478
1000.0,0.0,82.45787766650494,3.9172318596664146,0.03408468739566696,1617291
1000.0,0.0,64.41370760776478,7.049294657333613,0.03399655616472799,1625104
1000.0,0.0,52.088072340834756,11.611568778036599,0.033983489750250215,1632917
1000.0,0.0,59.54608899550471,31.12715466709265,0.03395430197941367,1640730
1000.0,0.0,77.04764339060618,13.837331416254377,0.03392272387818015,1648543
1000.0,0.0,74.45852217117455,26.94399158404184,0.03401489517667356,1656356
1000.0,0.0,72.85574825399121,6.938863218119027,0.03390012150011712,1664169
1000.0,0.0,42.60224476517392,14.021585039328857,0.03394422139536137,1671982
1000.0,0.0,75.73901346494442,13.78882991735147,0.03396594043619376,1679795
1000.0,0.0,81.85349866879808,13.378006275251533,0.033879779828513215,1687608
1000.0,0.0,82.8686292804876,13.225398342696751,0.03391334990846008,1695421
1000.0,0.0,84.41130227052864,4.813417243636128,0.03390649746677647,1703234
1000.0,0.0,37.50239816767804,26.48076352101864,0.03384252375023475,1711047
1000.0,0.0,64.66117615850415,10.685339626447293,0.033914951197531434,1718860
1000.0,0.0,69.5852375572806,14.07797479338068,0.033824208539046656,1726673
1000.0,0.0,82.25652255971646,16.020551113592173,0.03424356585163734,1734486
1000.0,0.0,71.7520972078739,19.868140778205085,0.035022436287247036,1742299
1000.0,0.0,85.80885907994706,6.611463014409106,0.034617812480860044,1750112
1000.0,0.0,83.96275528125662,10.108291475515486,0.034407859277631056,1757925
1000.0,0.0,85.82747368944686,8.664628953810233,0.03430651708279707,1765738
1000.0,0.0,75.01684226968486,4.16962724958846,0.03457561550089982,1773551
1000.0,0.0,66.79071840558287,16.89299252847107,0.03413887076417457,1781364
1000.0,0.0,85.61617168409524,9.397491254576604,0.03406177500436165,1789177
1000.0,0.0,77.48732547122475,12.24474582412472,0.034406144734585274,1796990
1000.0,0.0,81.36596422399181,11.197750691400413,0.033990998507217186,1804803
1000.0,0.0,66.07964322365045,6.782291110104184,0.03394705038310283,1812616
1000.0,0.0,68.69339680143895,16.02250851164,0.03389105571150917,1820429
1000.0,0.0,79.75085984017687,8.908849212481334,0.03399594859171816,1828242
1000.0,0.0,77.34758564992657,19.38825497098056,0.03387458577921837,1836055
1000.0,0.0,65.49916828039504,26.566037514099616,0.03383009836748056,1843868
1000.0,0.0,91.54338999669002,3.1991852143332062,0.03404491099853278,1851681
1000.0,0.0,53.629380940810734,21.28334888241353,0.03388045778342817,1859494
1000.0,0.0,67.1062619751053,21.24387336855252,0.03375216868453224,1867307
1000.0,0.0,82.2295143080481,7.871331441466363,0.03384662093850927,1875120
1000.0,0.0,86.50542199449258,4.9100330164646735,0.033742513827303394,1882933
1000.0,0.0,75.78504362252963,13.466456009509608,0.033936732867869523,1890746
1000.0,0.0,79.00793475837972,28.358025255777147,0.03385189407333808,1898559
1000.0,0.0,86.0095582699731,10.156452580675444,0.03368179843904407,1906372
1000.0,0.0,78.06339316488831,4.817205469499077,0.03376044882000124,1914185
1000.0,0.0,83.36114375894185,5.60487954753097,0.03360519871500918,1921998
1000.0,0.0,71.72110062819584,25.611233180405534,0.03367856119896578,1929811
1000.0,0.0,76.35025133771022,12.257548814500334,0.03366782375487765,1937624
1000.0,0.0,86.48801782117704,3.8587635033835834,0.033637439637077375,1945437
1000.0,0.0,58.21765173506811,23.638856550247283,0.033643359007497445,1953250
1000.0,0.0,82.07348555953587,3.742056317912095,0.03362946124010987,1961063
1000.0,0.0,75.7078697281483,34.14198719117965,0.03360981491995027,1968876
1000.0,0.0,80.76422897583842,9.215034842487846,0.03361679168372046,1976689
1000.0,0.0,72.32714303274764,27.95334824025648,0.03355958430306536,1984502
1000.0,0.0,80.42957239789563,4.075749839965733,0.03353949371521703,1992315
1000.0,0.0,84.14545858152323,10.826686684494712,0.03358884350788063,2000128
1000.0,0.0,88.58260763045968,4.045961027041572,0.033556068806974856,2007941
1000.0,0.0,86.18975660532496,4.774386865596755,0.03349329632824098,2015754
1000.0,0.0,84.38502391472284,10.527717624252414,0.033469515528520656,2023567
1000.0,0.0,81.10013859409791,23.203339950962498,0.03348917075066046,2031380
1000.0,0.0,73.43564791505337,14.013928347622157,0.03351251984416352,2039193
1000.0,0.0,90.39480476346242,4.137955766184924,0.03341416348833755,2047006
1000.0,0.0,86.54790770374036,3.9482419897643837,0.033450415544378644,2054819
1000.0,0.0,82.0976117485933,3.6180664380458722,0.03339569252897439,2062632
1000.0,0.0,81.12987927902424,14.675304612471903,0.03338483240992743,2070445
1000.0,0.0,87.73036729663282,10.499538127264596,0.03339858384178079,2078258
1000.0,0.0,80.53624164998894,17.244242551196802,0.03333929536558308,2086071
1000.0,0.0,78.02949015008531,13.170730405771025,0.033380378704743474,2093884
1000.0,0.0,83.30640226958587,14.588647639273047,0.03338657568939463,2101697
1000.0,0.0,70.24165606548834,35.97483936620501,0.03335191924103498,2109510
1000.0,0.0,15.10277564745566,19.873201175677696,0.033345488788965164,2117323
1000.0,0.0,66.36254550710984,19.778566935433382,0.033385392739743086,2125136
1000.0,0.0,86.0279496579832,4.91647828614352,0.033318443537811174,2132949
1000.0,0.0,84.53077853405823,7.776257026967478,0.03336191311732281,2140762
1000.0,0.0,90.06838893707464,3.3041973357375665,0.033262172839514374,2148575
1000.0,0.0,81.87895879075936,4.3037223385786545,0.03330982061531872,2156388
1000.0,0.0,82.60491624009649,15.17649542238049,0.03328370173891678,2164201
1000.0,0.0,75.14765634966204,26.77641458549403,0.03326785683600438,2172014
1000.0,0.0,75.39858683359799,19.816781110432352,0.03320819557949942,2179827
1000.0,0.0,36.330067768015674,19.940248667453776,0.03326777975949538,2187640
1000.0,0.0,83.78881972641204,3.867006036058771,0.033256888998231204,2195453
1000.0,0.0,80.7605886527428,3.271792738964802,0.033203443083433135,2203266
1000.0,0.0,63.41284157815391,9.892877275123409,0.03318291687359283,2211079
1000.0,0.0,81.63336379163162,8.786213053556182,0.03328081638762395,2218892
1000.0,0.0,86.06732001872462,3.2125433287546454,0.033183514851584356,2226705
1000.0,0.0,76.71471848900897,9.899685305218227,0.03323244947916738,2234518
1000.0,0.0,84.81677766012022,3.646060216216983,0.03315304653473724,2242331
1000.0,0.0,77.7150383962351,8.098185470051396,0.03311976437376663,2250144
1000.0,0.0,21.262309467191933,31.46551334389351,0.033231466227581226,2257957
1000.0,0.0,84.70107750647675,8.15978434826917,0.03311253720831248,2265770
1000.0,0.0,75.07267068891078,27.722764568727708,0.033145771010600344,2273583
1000.0,0.0,88.7978671509444,3.338834818753727,0.03314820593767721,2281396
1000.0,0.0,76.06230706833587,3.831503758103886,0.03307092600223942,2289209
1000.0,0.0,88.86149123255875,6.938722610102252,0.03306942579593813,2297022
1000.0,0.0,86.65867251873058,3.8844895506916632,0.03304468026952367,2304835
1000.0,0.0,86.15867735760936,3.3547114808887244,0.033082285799628755,2312648
1000.0,0.0,83.74144255611624,6.483148561182338,0.03304984011461673,2320461
1000.0,0.0,83.84739946813279,9.575454411194501,0.03303863448025889,2328274
1000.0,0.0,84.01622674141365,21.469845421861645,0.03303804274104399,2336087
1000.0,0.0,76.53476296931981,25.62248956012883,0.03335795529581504,2343900
1000.0,0.0,87.7072716648124,3.697912053293184,0.03304182257516152,2351713
1000.0,0.0,90.04612834416912,3.481161138383765,0.03298494123417362,2359526
1000.0,0.0,78.75496399159537,25.792401409886374,0.033016985766260575,2367339
1000.0,0.0,77.0085772439418,12.866095093854177,0.0329996568303277,2375152
1000.0,0.0,63.59852106033807,12.24451934516569,0.03294935234560455,2382965
1000.0,0.0,89.3421278300861,3.04968207422423,0.032922064961309,2390778
1000.0,0.0,42.88725870600546,43.41919196916933,0.032954528605243484,2398591
1000.0,0.0,83.83655687291031,6.559829974354008,0.032946262453798295,2406404
1000.0,0.0,64.97060805124829,25.419480408968703,0.03295168958072228,2414217
1000.0,0.0,72.73199820232146,14.516064989393412,0.03292056522799992,2422030
1000.0,0.0,80.01802418290848,14.255129238058078,0.032901948433987895,2429843
1000.0,0.0,86.07459954550731,3.314779344035949,0.032958364511344956,2437656
1000.0,0.0,81.57497951876618,9.467212564889863,0.03281528735432035,2445469
1000.0,0.0,85.60472947842942,9.704155529254265,0.03292805587799652,2453282
1000.0,0.0,89.25441560085582,10.660037577921953,0.03281228608608752,2461095
1000.0,0.0,73.68741652336792,16.78360782852769,0.03284407915249718,2468908
1000.0,0.0,87.76792134690542,3.6009999497620573,0.03276784392377734,2476721
1000.0,0.0,71.44265847209364,27.572708162126773,0.03284469772114515,2484534
1000.0,0.0,76.73427042488842,5.775330703956493,0.03277184633576501,2492347
1000.0,0.0,84.534287087159,3.588835688776552,0.03279327258823385,2500160
1000.0,0.0,86.6713817491374,4.745769158854085,0.032845612468728934,2507973
1000.0,0.0,58.34292953988195,10.698993759645296,0.03276821590638636,2515786
1000.0,0.0,60.0852094487775,26.97964063413459,0.03273869852269472,2523599
1000.0,0.0,84.49101028252198,11.425162145794594,0.03364019418147427,2531412
1000.0,0.0,78.42055348396188,16.55689525129217,0.032740554938127046,2539225
1000.0,0.0,64.35221230165912,35.72333242349703,0.03272539914788163,2547038
1000.0,0.0,81.969200156282,3.8956847874360307,0.03274682798035115,2554851
1000.0,0.0,61.39881578339732,7.199170333539868,0.03266224630523181,2562664
1000.0,0.0,83.1655006376413,11.236244453035049,0.032701422337718826,2570477
1000.0,0.0,89.21956999383112,4.214471561628933,0.032698924347956765,2578290
1000.0,0.0,89.29272665939726,9.442067879371512,0.032670915726146714,2586103
1000.0,0.0,79.24207177970752,6.10863503709275,0.03263964378722579,2593916
1000.0,0.0,70.01035061161342,24.76785287878161,0.03266356991331947,2601729
1000.0,0.0,63.789836979994185,26.777017754299504,0.032624936180443494,2609542
1000.0,0.0,72.13314292905282,33.87375111942077,0.032599206150348795,2617355
1000.0,0.0,84.17470501463484,12.236548299805557,0.0326580048536237,2625168
1000.0,0.0,5.43986289986388,9.139991542738148,0.032593680862764034,2632981
1000.0,0.0,87.09613145289048,3.9710194301851875,0.032611212502312976,2640794
1000.0,0.0,87.84420203547059,3.298517553031346,0.03259032814035519,2648607
1000.0,0.0,90.00633631260973,4.917516365344559,0.032661684423171806,2656420
1000.0,0.0,74.43166723231612,26.669168305267732,0.03256453691618017,2664233
1000.0,0.0,88.23583640964297,3.772589309747377,0.03249536778262405,2672046
1000.0,0.0,84.99809757668167,3.388125911819797,0.032550062614941484,2679859
1000.0,0.0,74.13122628664176,22.964585130397513,0.03250045349334394,2687672
1000.0,0.0,89.07352616742544,4.099483414843079,0.03247619583882361,2695485
1000.0,0.0,79.77999916904488,26.9888956429954,0.0324991173929222,2703298
1000.0,0.0,88.67116542199152,3.4759853810464305,0.03250332577751237,2711111
1000.0,0.0,67.67261128283187,12.130985121701983,0.0325708015937857,2718924
1000.0,0.0,80.52226346918295,3.7890816962000735,0.03250830948880158,2726737
1000.0,0.0,67.0419363877762,23.80397005907938,0.032476687721615057,2734550
1000.0,0.0,77.11950592358065,24.55469480031473,0.032493003491590455,2742363
1000.0,0.0,78.81946334828639,25.92353376607461,0.032435628935135845,2750176
1000.0,0.0,61.09326252752132,10.040934053629288,0.032441117807805106,2757989
1000.0,0.0,83.42052584988483,8.967296556799417,0.032459737302927075,2765802
1000.0,0.0,77.43756215275552,28.63899299247219,0.03241746507882575,2773615
1000.0,0.0,82.92821713725743,3.8762433841915405,0.03238981900099911,2781428
1000.0,0.0,80.26194552141969,4.655839037872783,0.03243332880010494,2789241
1000.0,0.0,83.14359208699994,29.285210364670316,0.032404698085330044,2797054
1000.0,0.0,85.62940306547404,3.277649386815207,0.032408028890129566,2804867
1000.0,0.0,86.94329161239105,3.476742862637197,0.03236900031772609,2812680
1000.0,0.0,90.39485995403543,3.781171165405291,0.03235525096379602,2820493
1000.0,0.0,5.501280794860147,8.872844911701867,0.03233946411995901,2828306
1000.0,0.0,87.94853868921663,3.8001827767584895,0.03240544360040919,2836119
1000.0,0.0,80.29085628127004,21.277792985324872,0.03232482342345358,2843932
1000.0,0.0,85.25967087151642,20.861484966442024,0.032309801757009676,2851745
1000.0,0.0,90.6321862679971,3.9403324437431753,0.03229913316713823,2859558
1000.0,0.0,87.484196738662,3.4946996287137004,0.03230847449396035,2867371
1000.0,0.0,84.45003887617595,15.58083302113397,0.032297989676335626,2875184
1000.0,0.0,79.19595283704302,23.24137788118536,0.03229614781661825,2882997
1000.0,0.0,46.954177584673694,30.097586278727622,0.0323066349486627,2890810
1000.0,0.0,67.3081023872049,34.92670600018427,0.03226101770210304,2898623
1000.0,0.0,80.69338443486116,3.8190576462285355,0.032227444392268316,2906436
1000.0,0.0,65.29126166941788,26.542548276213836,0.03223553056541755,2914249
1000.0,0.0,86.18534896295277,4.04500114407726,0.032189089891666516,2922062
1000.0,0.0,77.55773423326538,9.98755889736839,0.032234338947659855,2929875
1000.0,0.0,87.23547905094897,7.233563875603021,0.03227891755677365,2937688
1000.0,0.0,81.53335166234785,8.214300570028849,0.03219341974346438,2945501
1000.0,0.0,91.65626917679907,3.4326812170358663,0.03216596541867346,2953314
1000.0,0.0,75.99365329055718,28.270983372679016,0.03216764538084121,2961127
1000.0,0.0,79.09153271528909,18.89023735887568,0.0321670601948564,2968940
1000.0,0.0,56.61212435365031,28.413000643910046,0.03214014678550756,2976753
1000.0,0.0,80.3501188974919,15.479270516877778,0.03213258503195856,2984566
1000.0,0.0,69.00031597822132,34.51100208101226,0.03215796667755878,2992379
1000.0,0.0,86.39369964026153,11.756693434382601,0.03210941234070199,3000192
1000.0,0.0,66.07271273891368,17.91062068918004,0.032138165851305765,3008005
1000.0,0.0,85.69651621773406,6.896639278745647,0.03206831554057454,3015818
1000.0,0.0,89.22182306492685,3.768014625476724,0.03206179497896314,3023631
1000.0,0.0,88.70170205475522,3.0096952467444775,0.03206559809531051,3031444
1000.0,0.0,76.62483664508538,4.239725468162037,0.03207867891626278,3039257
1000.0,0.0,88.65788407712353,3.16212669831566,0.03207670939633529,3047070
1000.0,0.0,69.71242937570011,14.293717647988446,0.03212360910686064,3054883
1000.0,0.0,82.86929262441271,7.269596328407048,0.03204957078191087,3062696
1000.0,0.0,84.15219420097765,3.177364533607098,0.0320301496017423,3070509
1000.0,0.0,87.72152800612054,3.967793038710733,0.03199384653191981,3078322
1000.0,0.0,65.75185016167805,11.987343642789654,0.032020737589049886,3086135
1000.0,0.0,77.69802797626886,22.69614890916542,0.03200213723986093,3093948
1000.0,0.0,92.04140279844741,4.9046513355600085,0.03197793664717557,3101761
1000.0,0.0,86.21726730598598,3.3654172100342263,0.03193971940776269,3109574
1000.0,0.0,90.08443171774452,7.2901415699044305,0.031962067418064566,3117387
1000.0,0.0,74.7289907421043,3.663335100020458,0.03199434916193332,3125200
1000.0,0.0,88.91713753720025,3.1579156639384958,0.031943342810441575,3133013
1000.0,0.0,86.37399193465683,3.1915645107624373,0.03191722924876502,3140826
1000.0,0.0,91.32307192227981,3.5509191761851846,0.03197971191393113,3148639
1000.0,0.0,89.71304187833323,10.134938836859892,0.03187918427863863,3156452
1000.0,0.0,86.47577833798195,3.0863047556512773,0.03191573964664318,3164265
1000.0,0.0,80.31896007618752,17.695289970800413,0.03187125492933971,3172078
1000.0,0.0,91.8933598655375,3.4500609503003745,0.03184093899870401,3179891
1000.0,0.0,89.63130478395044,4.488486602635479,0.03184524034533191,3187704
1000.0,0.0,90.05678941281197,6.483088619720872,0.03185109254776162,3195517
1000.0,0.0,90.43321291885442,6.280334697658023,0.03187410257976968,3203330
1000.0,0.0,88.32891835450943,3.717176757857558,0.03183023079049172,3211143
1000.0,0.0,85.76667015044576,3.548168911850566,0.03187970457576852,3218956
1000.0,0.0,90.92370394257676,3.827651790074666,0.03179050366059618,3226769
1000.0,0.0,89.54075833499681,3.2576065971167703,0.031803274786575,3234582
1000.0,0.0,81.84726607307627,4.112076787672834,0.031752164536054985,3242395
1000.0,0.0,87.28557668333087,3.2032860710983213,0.03178880927169036,3250208
1000.0,0.0,67.86399532684354,13.063667556128067,0.03177038622662686,3258021
1000.0,0.0,84.46923651235375,3.1856992824421586,0.03175045070964965,3265834
1000.0,0.0,84.87354808467579,3.2192331333244755,0.03179404625599278,3273647
1000.0,0.0,84.2195414413428,3.235468253282794,0.03174071764158881,3281460
1000.0,0.0,76.77592953527045,12.912235112756083,0.03174877069860938,3289273
1000.0,0.0,86.91562025296122,4.723466149350305,0.03174753120684224,3297086
1000.0,0.0,80.87254500455798,12.339711460097732,0.03170252938248381,3304899
1000.0,0.0,90.73164495014493,3.1598688089300615,0.031711193892528355,3312712
1000.0,0.0,92.06002626442458,3.165466705049332,0.031763053691434714,3320525
1000.0,0.0,91.36102792275771,3.2219362535535168,0.03164267115477077,3328338
1000.0,0.0,79.15146509349458,8.414491610432231,0.03168396662854429,3336151
1000.0,0.0,84.88657482847468,3.9208067586607727,0.03177095117264606,3343964
1000.0,0.0,77.60067539763082,12.44303310372569,0.031647722218574176,3351777
1000.0,0.0,85.9355758925151,5.95191927500665,0.031648094662255793,3359590
1000.0,0.0,88.21973766969258,3.430302502338487,0.031649551078873725,3367403
1000.0,0.0,83.32738454817736,4.005234617701539,0.03163399959704707,3375216
1000.0,0.0,91.57947871045413,4.5547685589716345,0.03162240040767835,3383029
1000.0,0.0,72.3269659435158,3.093234787537404,0.0316310274245095,3390842
1000.0,0.0,90.3746130069218,6.763785935557827,0.0315468684718553,3398655
1000.0,0.0,88.4356017213192,3.9382735371955477,0.03156367904816156,3406468
1000.0,0.0,26.85056296963721,25.136786057729836,0.031599443478341205,3414281
1000.0,0.0,89.83269265673368,8.604235599393121,0.031530573645612334,3422094
1000.0,0.0,90.09926398004879,2.9745236508916797,0.031535351858483426,3429907
1000.0,0.0,84.03664555504604,4.028278037294135,0.03155895612602774,3437720
1000.0,0.0,85.87859138088605,3.930155101521405,0.03151318253933813,3445533
1000.0,0.0,91.77386979005328,3.2452798982069653,0.0314975353888808,3453346
1000.0,0.0,84.3396670561703,13.939388439110662,0.031544564917643333,3461159
1000.0,0.0,80.2432765619275,3.247515666159493,0.03150913062886021,3468972
1000.0,0.0,89.4630691279793,3.9749744141589103,0.03149963542032312,3476785
1000.0,0.0,88.90154814838226,3.4020177963186655,0.031418646487546685,3484598
1000.0,0.0,90.17468198169549,3.165100952732426,0.031483024386404115,3492411
1000.0,0.0,89.65483488771781,2.9933908142758847,0.031478865788533025,3500224
1000.0,0.0,88.93011612163852,3.2891798340454796,0.031435677634606016,3508037
1000.0,0.0,81.74169849384376,15.870843941683303,0.03141876728317181,3515850
1000.0,0.0,1.224629957520314,4.029368620552987,0.03141645247084023,3523663
1000.0,0.0,90.56543518392249,3.971039385254345,0.031393763846799025,3531476
1000.0,0.0,88.36799865545731,3.550493332623989,0.0313279646843706,3539289
1000.0,0.0,76.79899796889808,4.472183545267612,0.0313919644734149,3547102
1000.0,0.0,89.86853426934938,3.248443071423617,0.03136756040444816,3554915
1000.0,0.0,91.00057327636235,3.6491550794569694,0.03139502267665183,3562728
1000.0,0.0,89.77932615581675,3.51934232928868,0.03131595068633493,3570541
1000.0,0.0,87.54562060229301,5.252158551379378,0.03130436828413604,3578354
1000.0,0.0,81.9565893843337,10.899436737728546,0.03136793317879525,3586167
1000.0,0.0,88.63971866861607,3.5172579448335664,0.03133986594910468,3593980
1000.0,0.0,27.14909607589677,26.399295254237742,0.03128595877489798,3601793
1000.0,0.0,87.37687251840998,3.9913760246160273,0.03131097419199128,3609606
1000.0,0.0,69.06034102570182,22.05847755973004,0.031303568950699315,3617419
1000.0,0.0,84.98151819716695,12.094272702147297,0.03128730853177687,3625232
1000.0,0.0,91.17641836332086,3.1230019370420017,0.031282037211198,3633045
1000.0,0.0,90.91596451171029,3.445961709395194,0.03127324957871175,3640858
1000.0,0.0,88.75433106669767,7.565215714607966,0.031241234413860834,3648671
1000.0,0.0,81.62416858979691,7.9823330516972515,0.031247611592563024,3656484
1000.0,0.0,87.11189257122767,3.6346215020795034,0.03121550357200264,3664297
1000.0,0.0,77.90343162148203,6.63581599293126,0.031227092416097495,3672110
1000.0,0.0,88.38404500861614,4.672131353932664,0.03128096768741006,3679923
1000.0,0.0,82.36929466011502,3.9132759902660608,0.031147870221198557,3687736
1000.0,0.0,88.1680064319849,3.280502620193991,0.03120334099171931,3695549
1000.0,0.0,70.37924758973486,19.369015481650887,0.031187062784571725,3703362
1000.0,0.0,85.65247183389533,8.92937906811263,0.031203414123130203,3711175
1000.0,0.0,88.32675808027385,4.218673795429093,0.031161497437769255,3718988
1000.0,0.0,79.23202132145902,3.3510594401457268,0.03116189445272752,3726801
1000.0,0.0,90.69853637348875,3.7641870819324312,0.03115053580563458,3734614
1000.0,0.0,84.6247716703994,12.519862921114463,0.03112011028909781,3742427
1000.0,0.0,67.98241614837274,20.665246520581345,0.03111735908687679,3750240
1000.0,0.0,87.86851219884603,3.339359964456486,0.031147081432817608,3758053
1000.0,0.0,88.63309057295609,4.854161539806227,0.03110885693569254,3765866
1000.0,0.0,89.45010716979962,2.8625546598777554,0.03107483469476204,3773679
1000.0,0.0,80.48365520939478,3.9343128686785294,0.031073455261199038,3781492
1000.0,0.0,86.81317739171588,6.933958365918476,0.03107589523718151,3789305
1000.0,0.0,91.9811372422875,4.071286195087166,0.031019943192101475,3797118
1000.0,0.0,85.31216631476607,3.0490999735226967,0.031077127648608396,3804931
1000.0,0.0,65.46362697718577,33.987094656437336,0.031002255691136488,3812744
1000.0,0.0,78.81232428262568,17.758335110533206,0.031048087711910543,3820557
1000.0,0.0,88.4657862703092,10.807051061081934,0.03098574496303105,3828370
1000.0,0.0,85.0396496188054,3.0254389542463187,0.031000396802031514,3836183
1000.0,0.0,89.09509867646284,7.60757234347844,0.031011514231690487,3843996
1000.0,0.0,84.69413939952514,3.374109899097593,0.030984141335223196,3851809
1000.0,0.0,88.31830312240353,9.901751434879312,0.030965174160088177,3859622
1000.0,0.0,72.65418615823093,20.90467764352889,0.03093447822933922,3867435
1000.0,0.0,90.76584392184482,3.3413350580772807,0.0309520752059407,3875248
1000.0,0.0,87.0155515257052,10.242615269293887,0.030963662726182072,3883061
1000.0,0.0,90.80745523800623,3.651663182546365,0.030949172658854628,3890874
1000.0,0.0,90.87883990915209,3.1573586516552448,0.030962422740443415,3898687
1000.0,0.0,84.11691252312622,3.8963294645573674,0.030883049234532448,3906500
1000.0,0.0,75.75130110893996,13.42873749441125,0.030905629930528734,3914313
1000.0,0.0,40.399319758526765,14.988393404152244,0.030860436677124067,3922126
1000.0,0.0,80.24365884561762,28.869580264819415,0.030841069398277455,3929939
1000.0,0.0,86.96817659656429,3.4401397327699224,0.03086819824746308,3937752
1000.0,0.0,91.48968288842087,3.342439191584413,0.030860471369337023,3945565
1000.0,0.0,91.24483204046435,3.8231930130384852,0.03081741510894828,3953378
1000.0,0.0,87.58823019122572,4.65274989546516,0.030849587800701007,3961191
1000.0,0.0,88.4612700544106,3.4861948954680813,0.03082942711917713,3969004
1000.0,0.0,91.11585955862317,3.099997123118885,0.030825492024896553,3976817
1000.0,0.0,79.70258762089856,5.00219698186022,0.03079649393942512,3984630
1000.0,0.0,90.42681980841107,3.4987391552225584,0.03079605614057237,3992443
1000.0,0.0,87.62645324009533,3.0140034261631756,0.030763685883748868,4000256
1000.0,0.0,88.16185705028735,3.045762951843854,0.03077029307993551,4008069
1000.0,0.0,92.04036875137041,3.9259348947791546,0.03072195137357086,4015882
1000.0,0.0,50.943948116620405,34.35091232366933,0.030760874728575957,4023695
1000.0,0.0,86.94124656822191,3.2188384730998854,0.03069997285980856,4031508
1000.0,0.0,83.13570235400537,20.73226883363166,0.030707588356141232,4039321
1000.0,0.0,86.80154570236826,3.3355865724346034,0.030686448013146864,4047134
1000.0,0.0,88.19756537778183,3.6478548343049755,0.030718028655521878,4054947
1000.0,0.0,86.74525327561837,12.688266025687819,0.03067771646075062,4062760
1000.0,0.0,91.47359399724141,3.424335572201674,0.030656539667319054,4070573
1000.0,0.0,86.91901431688048,3.432191429186706,0.030668495255349003,4078386
1000.0,0.0,75.08832330855115,21.709121344166192,0.03067228421721436,4086199
1000.0,0.0,88.68461449044253,3.4311545264338688,0.03064735342138042,4094012
1000.0,0.0,79.51595661361702,9.956315543323184,0.03064517050830853,4101825
1000.0,0.0,89.74060492206921,3.9420736220334893,0.03064580073583245,4109638
1000.0,0.0,90.40077463070193,3.234397594530132,0.03062718521513234,4117451
1000.0,0.0,89.89339274641812,3.3383882386342845,0.03059867966520103,4125264
1000.0,0.0,91.42571158458074,2.9098947965609274,0.030601666120004853,4133077
1000.0,0.0,82.51861520796004,22.12977977819372,0.0305775917835727,4140890
1000.0,0.0,86.66701852551726,3.0540314945814204,0.030579456261566607,4148703
1000.0,0.0,89.70046598798437,4.3205076530526405,0.030594842422371742,4156516
1000.0,0.0,81.37478036839937,11.714726093551407,0.030587588709039003,4164329
1000.0,0.0,88.97106142901197,6.690423129249434,0.030535484106159288,4172142
1000.0,0.0,90.52393802076273,3.7221340602738224,0.030545557705948086,4179955
1000.0,0.0,84.86998246834727,3.0686469954785927,0.030523276275495125,4187768
1000.0,0.0,91.80189498300896,3.3323535349464493,0.03048609553981828,4195581
1000.0,0.0,79.59717928222308,18.0103169841294,0.030509071726183595,4203394
1000.0,0.0,82.62296946610572,26.31036722500186,0.03049302587287307,4211207
1000.0,0.0,86.58665410537013,3.375228689220549,0.030478233402137494,4219020
1000.0,0.0,91.20323845719382,3.9070143722528443,0.030466757169520124,4226833
1000.0,0.0,74.37137682182335,26.912588804149205,0.03046273030641064,4234646
1000.0,0.0,88.5990246269556,9.135481996978438,0.03047002002818099,4242459
1000.0,0.0,81.9091720247639,24.398520014393913,0.030449722670271403,4250272
1000.0,0.0,71.78713966025624,15.336700069586007,0.03045076553484632,4258085
1000.0,0.0,86.2737990295658,12.758867720722769,0.030410806620182387,4265898
1000.0,0.0,90.81516145443969,3.840494184177297,0.03038578802112026,4273711
1000.0,0.0,91.79724389154268,2.9813095978701027,0.030409054071355794,4281524
1000.0,0.0,88.42255129287607,13.01106577766362,0.030389084428611754,4289337
1000.0,0.0,90.0471468945239,3.792414705800399,0.030385614023886644,4297150
1000.0,0.0,78.96730788659202,9.883711701017113,0.030381143078566365,4304963
1000.0,0.0,87.7228779701607,3.21455907299806,0.030326643532422745,4312776
1000.0,0.0,87.02407390168696,12.244919958811876,0.03035354276869437,4320589
1000.0,0.0,84.65377587301803,11.010415407489418,0.030334504418963012,4328402
1000.0,0.0,89.47830021975203,8.744282208286405,0.03033590539536529,4336215
1000.0,0.0,91.39242643682066,3.4686989995114095,0.030322385386860756,4344028
1000.0,0.0,88.9842346922026,4.576113775672631,0.03029082189069111,4351841
1000.0,0.0,90.30559001431915,3.676391575527677,0.030305334511687987,4359654
1000.0,0.0,93.59864315433416,3.1762135461311876,0.030272176061061615,4367467
1000.0,0.0,89.272255387853,2.892318838435557,0.030287938724126114,4375280
1000.0,0.0,90.80123439580014,3.0932745569695252,0.030300221630856793,4383093
1000.0,0.0,88.22613494923269,4.535008681347451,0.03025896192234945,4390906
1000.0,0.0,83.62873157722753,11.912157051153224,0.03023939716568757,4398719
1000.0,0.0,90.30259521363345,3.2598374984350995,0.030225538305960146,4406532
1000.0,0.0,88.79710244977093,2.977062677457309,0.030219607265220657,4414345
1000.0,0.0,89.77072722558076,3.2628707573177915,0.03025403763976335,4422158
1000.0,0.0,83.27928023158995,13.95316023828094,0.030212650056482573,4429971
1000.0,0.0,90.57022962734814,3.6064343972022765,0.030233144630917152,4437784
1000.0,0.0,87.8382513474082,3.4532139702894455,0.03019782344019284,4445597
1000.0,0.0,92.37044233791678,3.830067644240367,0.0301861013260188,4453410
1000.0,0.0,83.27603417251564,21.287140982089443,0.030180487667568076,4461223
1000.0,0.0,87.37062304254832,3.2095792376230716,0.03018623676771357,4469036
1000.0,0.0,86.59825897478316,3.295826657989391,0.030142108433813514,4476849
1000.0,0.0,81.19080896117345,10.966502470098826,0.030133035626373608,4484662
1000.0,0.0,80.17363093786508,3.2068837678933786,0.0301423928730546,4492475
1000.0,0.0,80.59412850548428,24.3187277803494,0.030098620966662454,4500288
1000.0,0.0,92.04399159471652,3.4834374261680385,0.030084904926497357,4508101
1000.0,0.0,91.19273309637526,4.015555599673895,0.030104737307813937,4515914
1000.0,0.0,76.81141738796164,7.646946559872893,0.030114121730327924,4523727
1000.0,0.0,90.87518034801148,3.277972582278251,0.030090367770768792,4531540
1000.0,0.0,92.98371027675199,2.841278567172568,0.030058666537080145,4539353
1000.0,0.0,90.1865541350754,3.5859415745237335,0.03007895113850473,4547166
1000.0,0.0,91.06085703769605,3.191564416922964,0.03003710173938223,4554979
1000.0,0.0,89.45743723086294,5.079301422039291,0.030018001616250903,4562792
1000.0,0.0,84.96390545398522,13.07322007251612,0.03004454597082185,4570605
1000.0,0.0,91.22388734048276,3.235185240162407,0.03002128201639,4578418
1000.0,0.0,92.42107991882253,3.4680465220120285,0.030010066223666372,4586231
1000.0,0.0,83.33963640851218,11.223208742023209,0.030013226793713377,4594044
1000.0,0.0,90.77413974975124,4.639845172267798,0.029993449476650325,4601857
1000.0,0.0,80.5234374585168,3.0589965123987404,0.029978716382884373,4609670
1000.0,0.0,80.67736523683003,5.453165684249697,0.029947081101567345,4617483
1000.0,0.0,87.66775755610135,8.684570896815075,0.029961221395938896,4625296
1000.0,0.0,89.74093418646191,3.0933254862072204,0.029935568087132016,4633109
1000.0,0.0,90.92128633057432,3.222327728071627,0.029927626810276452,4640922
1000.0,0.0,90.19689063376123,3.684537252965294,0.029916083939162674,4648735
1000.0,0.0,83.49197216654164,3.22481965692222,0.029916861085355857,4656548
1000.0,0.0,89.566803858556,3.3716203854519162,0.0299480566009926,4664361
1000.0,0.0,88.34607071043527,3.0082376061804896,0.029883401437165415,4672174
1000.0,0.0,88.16917416591463,3.2052492254050686,0.029909016109853387,4679987
1000.0,0.0,77.04235332316023,20.36425845991296,0.029898112791886283,4687800
1000.0,0.0,86.36991744691919,10.331792673742864,0.02986183228717635,4695613
1000.0,0.0,89.6898296795853,2.8168016622338863,0.02986974023691631,4703426
1000.0,0.0,90.50392322763513,3.355453408342656,0.029858125016593105,4711239
1000.0,0.0,92.9437609201482,3.27965490784841,0.029823345685863884,4719052
1000.0,0.0,88.68849074622597,3.075771989922146,0.029832018261092726,4726865
1000.0,0.0,92.3576349502318,3.7066353128586536,0.02982779253146901,4734678
1000.0,0.0,67.3158262810886,19.475961174174213,0.029814820758341208,4742491
1000.0,0.0,92.34644283928657,3.2761169993919177,0.02980633654557653,4750304
1000.0,0.0,85.83095466128896,12.411023453886974,0.029799125926266563,4758117
1000.0,0.0,90.43150115616369,3.591528627570325,0.02979726108923733,4765930
1000.0,0.0,91.39400695893227,3.1515411399466697,0.02978269132177213,4773743
1000.0,0.0,91.11171224550041,3.0803326284738057,0.02975019547026471,4781556
1000.0,0.0,88.12959223031184,3.4553261701786284,0.029776331542459535,4789369
1000.0,0.0,91.8414554715318,3.3251758656597477,0.029738283479765256,4797182
1000.0,0.0,91.6134310604923,3.5451782993165244,0.02974790124119882,4804995
1000.0,0.0,89.63810972954127,3.514971221046976,0.029726384852487263,4812808
1000.0,0.0,91.93654368294911,3.764188571027423,0.02969536354006463,4820621
1000.0,0.0,92.70454658514392,3.584423701354273,0.029705524787642507,4828434
1000.0,0.0,89.44730046292652,4.5407374979065915,0.029701734414429304,4836247
1000.0,0.0,88.87306509409905,10.290752276631038,0.02968931320611747,4844060
1000.0,0.0,87.63320297991784,3.173260907372103,0.02967783033396758,4851873
1000.0,0.0,92.31490482332916,4.110672487130672,0.029650787890727986,4859686
1000.0,0.0,90.76953251772278,4.09629398484911,0.029657165523826787,4867499
1000.0,0.0,91.20575447433681,3.018663923817565,0.029652015222256713,4875312
1000.0,0.0,88.71703907697893,4.261878370742393,0.02964344005028075,4883125
1000.0,0.0,86.91807675575048,8.97632842438382,0.02963036147008118,4890938
1000.0,0.0,92.13600373368142,3.3510264160701597,0.029608975888980777,4898751
1000.0,0.0,90.07646041748887,3.510439800644912,0.029608388671800087,4906564
1000.0,0.0,89.82420228957346,3.6384737495584583,0.029600505243510596,4914377
1000.0,0.0,87.98136124911969,7.793871858888782,0.02960526470143088,4922190
1000.0,0.0,91.86569598883501,3.0843821198323487,0.0295665948213665,4930003
1000.0,0.0,84.11328961419729,14.348455962783932,0.029562092349591295,4937816
1000.0,0.0,70.89177477699145,3.4377936284401764,0.029604148964112526,4945629
1000.0,0.0,87.6871689549896,9.780089008905152,0.029549793631952228,4953442
1000.0,0.0,90.12109075273213,3.4023602745075596,0.029545700312247913,4961255
1000.0,0.0,90.55792124300503,2.8996681418424695,0.029536427544022466,4969068
1000.0,0.0,91.82493586598393,3.783280857587349,0.029521995504540165,4976881
1000.0,0.0,92.0076143829106,2.8091974936554895,0.029545717255333805,4984694
1000.0,0.0,91.43863713842481,3.5974697904140465,0.029492788448782826,4992507
1000.0,0.0,90.36578852344114,3.335724876509726,0.029506587661668186,5000320
1000.0,0.0,89.7643139033412,3.424861870409986,0.02948213769410235,5008133
1000.0,0.0,86.21939685326782,18.282228709747457,0.02947984194187776,5015946
1000.0,0.0,89.84360932359901,3.2222413884003744,0.02947284160383339,5023759
1000.0,0.0,88.25546414048378,3.419332937593923,0.02947365419678601,5031572
1000.0,0.0,90.6475109008499,3.6679030272847086,0.029431504072137734,5039385
1000.0,0.0,79.51355482884533,24.38466145069791,0.02942548728821324,5047198
1000.0,0.0,91.1713214115274,2.9390421029106273,0.029444904052198854,5055011
1000.0,0.0,91.48525366652203,3.5305002788023705,0.02941088239201884,5062824
1000.0,0.0,69.18285780967103,19.940939148028416,0.029398119594183158,5070637
1000.0,0.0,91.41449625952664,3.479628407300112,0.02939692449573704,5078450
1000.0,0.0,90.76748406636045,3.661111699303333,0.029405327512860457,5086263
1000.0,0.0,85.57028607142352,2.778344331515332,0.02936734250283815,5094076
1000.0,0.0,91.4666600759652,3.365792520385257,0.029381853203257858,5101889
1000.0,0.0,91.09889479213886,2.8756648175585706,0.029360071833307605,5109702
1000.0,0.0,89.81757271314027,2.727169179659782,0.029367304601239798,5117515
1000.0,0.0,90.47060981352146,2.9372612726019693,0.029357304326445153,5125328
1000.0,0.0,89.4440444451586,3.2381415781165503,0.029347662097201833,5133141
1000.0,0.0,89.44139984923632,2.8947309354297275,0.02932076533865599,5140954
1000.0,0.0,92.03837361254045,2.8117466660890122,0.029331050574079393,5148767
1000.0,0.0,88.9856087822467,2.871122193254624,0.0293059070554915,5156580
1000.0,0.0,88.76665147706004,9.78374839067017,0.029323832945950458,5164393
1000.0,0.0,88.08589872520784,10.1926556121979,0.02928552671892203,5172206
1000.0,0.0,90.71146518190302,2.884237887180313,0.02927946801654148,5180019
1000.0,0.0,89.38163852454208,5.759603022064217,0.029286337926274466,5187832
1000.0,0.0,87.23491380639523,3.3851522160018064,0.029273654240912158,5195645
1000.0,0.0,91.6458633379634,2.976792194623118,0.02925164438331153,5203458
1000.0,0.0,91.57666193742713,3.025243659962314,0.029250037187082818,5211271
1000.0,0.0,92.74394926756057,3.22015560128037,0.029246004738660226,5219084
1000.0,0.0,92.5435022432198,2.888652877856217,0.029236246876415677,5226897
1000.0,0.0,84.60956268905076,3.308250321036769,0.029231965093402958,5234710
1000.0,0.0,90.32014935252008,8.475188929773209,0.029200176878501117,5242523
1000.0,0.0,85.54567691375246,3.5085646741938468,0.029207246139422403,5250336
1000.0,0.0,91.05097379763801,4.1552171299026375,0.029185398449482612,5258149
1000.0,0.0,91.12449507380937,3.4305613370508565,0.029179203779966124,5265962
1000.0,0.0,92.42924078210875,4.075086676474323,0.029167095510105306,5273775
1000.0,0.0,91.76233363489546,3.353136836256036,0.029168973120546157,5281588
1000.0,0.0,91.38645648912839,3.270403145599953,0.02916293186070626,5289401
1000.0,0.0,92.07933769750551,4.075036829132671,0.02916670986364766,5297214
1000.0,0.0,88.75462530086043,5.966506216239955,0.029129439932706003,5305027
1000.0,0.0,89.42617142505728,6.982647787880407,0.02913030966616657,5312840
1000.0,0.0,93.78615140846944,3.1636460927627605,0.029117654884823176,5320653
1000.0,0.0,92.1415036988333,3.0210594011684404,0.029098534636875447,5328466
1000.0,0.0,78.65955260759482,27.381575123405998,0.029113968288098875,5336279
1000.0,0.0,90.32264897009826,2.8623813086643533,0.029092773825643542,5344092
1000.0,0.0,88.61090323725757,3.809461401326799,0.029081621780775897,5351905
1000.0,0.0,91.66402400704166,3.5512610785937997,0.029059320788377134,5359718
1000.0,0.0,92.02119917496395,3.1662914839185206,0.029068345185161926,5367531
1000.0,0.0,89.93586610085306,3.4253050083219096,0.029058180319336782,5375344
1000.0,0.0,91.0079277238791,4.001642507342732,0.029051220906083117,5383157
1000.0,0.0,92.75391825414428,3.4075403013203927,0.02903794234292658,5390970
1000.0,0.0,87.91903654400579,2.968721911440217,0.029040172020001826,5398783
1000.0,0.0,92.6756904950353,3.153778116934511,0.0290293811719005,5406596
1000.0,0.0,82.18701196434317,8.745220242045582,0.02901977614883334,5414409
1000.0,0.0,89.11201681255189,6.725227629755054,0.029008659957202972,5422222
1000.0,0.0,92.32041339605847,3.147459407111707,0.02899923916435513,5430035
1000.0,0.0,88.28934700412752,3.4348481932662844,0.02898989261578478,5437848
1000.0,0.0,92.23738717647117,3.6217485552776334,0.028996921955116266,5445661
1000.0,0.0,90.69766210847725,3.0174401786489864,0.028969443512253956,5453474
1000.0,0.0,88.82335212318591,3.3678787735242994,0.02896904932666643,5461287
1000.0,0.0,90.26661102883172,3.824413275316689,0.02896076384738698,5469100
1000.0,0.0,86.49229340649491,3.5235053421825007,0.028960182017406015,5476913
1000.0,0.0,88.23741853242774,3.3319377745437815,0.028934390067054838,5484726
1000.0,0.0,90.31140502754783,3.240833427699126,0.02894575092414646,5492539
1000.0,0.0,88.45069287607288,3.3146129622341043,0.028927313345063127,5500352
1000.0,0.0,92.58927169445805,3.4872215695835873,0.02890439074437379,5508165
1000.0,0.0,87.78575178067005,3.492929858949768,0.028910279735774074,5515978
1000.0,0.0,83.59603046318797,3.162396408764229,0.02888642769041313,5523791
1000.0,0.0,91.47004071117934,2.8258251139318276,0.02889751852856548,5531604
1000.0,0.0,92.14154553205267,3.029667857477087,0.02888428277144039,5539417
1000.0,0.0,92.6643306220178,3.361601695786856,0.028880156040464306,5547230
1000.0,0.0,88.17817606089395,3.000922534231496,0.028868422982862546,5555043
1000.0,0.0,83.01822961913277,3.2743800341993756,0.02886082314223747,5562856
1000.0,0.0,91.23825710973618,3.239748104496932,0.028846559808150145,5570669
1000.0,0.0,91.14177598864217,3.2488814663877035,0.028846724601346782,5578482
1000.0,0.0,91.57397198451898,3.1649479377812204,0.028842699083785887,5586295
1000.0,0.0,89.8362813701103,3.1712729088264315,0.028812273049675388,5594108
1000.0,0.0,91.71967239635707,3.6923332910530813,0.028826973433075345,5601921
1000.0,0.0,90.94298012055543,3.777595730545981,0.02881004646898233,5609734
1000.0,0.0,88.58242920911682,13.08743724627279,0.028800580421700795,5617547
1000.0,0.0,92.12699421903223,3.0497179432902315,0.02880433804688019,5625360
1000.0,0.0,93.13694942365261,2.8982507240549604,0.028779969237764855,5633173
1000.0,0.0,90.93615442819795,2.950445406001489,0.028768843026758015,5640986
1000.0,0.0,92.53688396549492,3.38278887613452,0.02876241940899611,5648799
1000.0,0.0,92.14632744508367,2.8834395285429344,0.02875014624485555,5656612
1000.0,0.0,87.5233869142859,3.4467075361375388,0.02874403676614361,5664425
1000.0,0.0,90.26722000978697,3.0760648905981824,0.028747287073346638,5672238
1000.0,0.0,86.74700327455128,3.709834816615481,0.02872068389609377,5680051
1000.0,0.0,92.86239778148743,3.1180304186739747,0.028725291846557817,5687864
1000.0,0.0,91.29454826553146,3.6162976944772414,0.02872425121725219,5695677
1000.0,0.0,92.44357658543562,5.72047366494478,0.028707213920340778,5703490
1000.0,0.0,88.30495817093734,3.1615799378588867,0.028696210859192082,5711303
1000.0,0.0,90.8313368125358,3.125304851368391,0.028690081591812272,5719116
1000.0,0.0,85.20685602519276,20.299108553116657,0.028680670830737935,5726929
1000.0,0.0,88.08783866564713,2.844954763194073,0.028691246373700244,5734742
1000.0,0.0,90.54237477037063,3.3490356584681074,0.028660120598186983,5742555
1000.0,0.0,91.08258277533967,3.616595605535411,0.02866354956030934,5750368
1000.0,0.0,92.21432618591206,3.1400363826363678,0.028655428453444567,5758181
1000.0,0.0,86.51282629425918,10.547830969054628,0.028636714995229736,5765994
1000.0,0.0,87.42265612987144,3.2734599945343175,0.028634677032569354,5773807
1000.0,0.0,91.78442472927347,4.4830447821404,0.02863037264296154,5781620
1000.0,0.0,90.6701390431037,3.1736160628337013,0.028626124836951684,5789433
1000.0,0.0,92.53398010888098,3.805004813925069,0.028613127549423883,5797246
1000.0,0.0,88.27302747065137,5.577605945540441,0.028619264556567256,5805059
1000.0,0.0,91.4465662561509,3.2120595034939505,0.02859406824332528,5812872
1000.0,0.0,92.99931613655086,3.489713375026652,0.028595023553565354,5820685
1000.0,0.0,93.38538412133256,2.8959581996422292,0.028591600464270457,5828498
1000.0,0.0,91.74275031257368,3.5696356772507656,0.02858096660022668,5836311
1000.0,0.0,92.01121467097694,3.1030814781156235,0.028558579816247043,5844124
1000.0,0.0,87.85581419646283,6.017280574643702,0.028564541793393586,5851937
1000.0,0.0,89.50089592936324,3.0696902394297676,0.028552332325852466,5859750
1000.0,0.0,92.92321986703978,3.7942799599310804,0.028549556302508113,5867563
1000.0,0.0,90.05089607400338,3.1904622353173573,0.028533587320918118,5875376
1000.0,0.0,92.87048323242347,3.06386605091241,0.028527839423517266,5883189
1000.0,0.0,89.80690363390015,3.298577877367891,0.028540331232588482,5891002
1000.0,0.0,89.54683731050098,4.22751333815113,0.028519166002909834,5898815
1000.0,0.0,90.98801056680793,3.2057512537256057,0.02851183705449555,5906628
1000.0,0.0,88.96384033372162,11.034141175259158,0.028503551357553957,5914441
1000.0,0.0,92.29638219373174,3.103112084171171,0.028497511837581424,5922254
1000.0,0.0,91.25197479091266,3.3989377943945147,0.028488497318799908,5930067
1000.0,0.0,93.38731908002015,3.206924182673798,0.028478082533342587,5937880
1000.0,0.0,92.03443983492892,3.237686486105856,0.028475449791109685,5945693
1000.0,0.0,91.43138852676614,3.254491134242671,0.028460638864857637,5953506
1000.0,0.0,88.58021029643014,3.468087344170364,0.028458162739302694,5961319
1000.0,0.0,92.97052145320035,3.2845613774182048,0.02844813235917513,5969132
1000.0,0.0,93.08273852073053,3.7629767413621855,0.028433483039859344,5976945
1000.0,0.0,85.63746835733518,3.0274314573172916,0.02843492751962312,5984758
1000.0,0.0,91.9916688349428,3.6301286811892375,0.028431614211720007,5992571
1000.0,0.0,92.20191471115652,2.9645971776587574,0.02841854926056156,6000384
1000.0,0.0,84.00437162220415,23.053678075087422,0.02841877654451349,6008197
1000.0,0.0,91.12608039056086,3.2588255964559316,0.028409230368922116,6016010
1000.0,0.0,92.2233093337553,3.4240842695914915,0.028395795636570235,6023823
1000.0,0.0,92.32696537429541,3.204614717698373,0.02839333350743598,6031636
1000.0,0.0,90.37021988436258,3.3703403418167217,0.028397084946525923,6039449
1000.0,0.0,92.10043866618663,3.2629099736598284,0.028375858042384745,6047262
1000.0,0.0,92.42725935491187,3.2207500672114433,0.02837473235768813,6055075
1000.0,0.0,84.92022614235732,14.078020988562677,0.028360912705055568,6062888
1000.0,0.0,92.66066994374306,3.0502110269086864,0.02835852798023472,6070701
1000.0,0.0,91.77237889560263,2.83926298850475,0.02834683350797194,6078514
1000.0,0.0,92.16235633264968,3.9462293722353583,0.028351402604416372,6086327
1000.0,0.0,89.71000685871088,2.7967993455149203,0.028347259687046822,6094140
1000.0,0.0,92.27297590661911,3.3613592094840814,0.028337792792956586,6101953
1000.0,0.0,92.16885744877655,3.277708955659838,0.02832819199058183,6109766
1000.0,0.0,93.4309655402145,3.2803130895643107,0.028327597486126812,6117579
1000.0,0.0,92.84578390658949,3.152445091062759,0.02831908510481745,6125392
1000.0,0.0,91.51023454683964,2.7806222640291143,0.028300380922875897,6133205
1000.0,0.0,92.43536695541226,3.3065246214621826,0.028309456299111795,6141018
1000.0,0.0,88.47234057891966,12.158961424586902,0.0282968756485658,6148831
1000.0,0.0,92.34101633322516,3.1315094594636057,0.02828387892366972,6156644
1000.0,0.0,91.53711659738458,3.872945587318081,0.028278009519247953,6164457
1000.0,0.0,92.92780506691216,2.596409940200732,0.028269528877526366,6172270
1000.0,0.0,91.27861162811313,3.397180717923793,0.02826597608657351,6180083
1000.0,0.0,90.31812407471452,3.2995392987844574,0.028260993471939732,6187896
1000.0,0.0,92.32228209899989,2.8733272491229234,0.028252985474100406,6195709
1000.0,0.0,92.88294296910504,3.1637791464029474,0.028241708573599096,6203522
1000.0,0.0,92.36313717947618,3.0706791039804107,0.02824358495626289,6211335
1000.0,0.0,92.76331677875717,3.0790465335710855,0.028235758113716928,6219148
1000.0,0.0,90.54195795487644,6.489307296875199,0.02822350870074556,6226961
1000.0,0.0,92.11299071256789,4.302696629660638,0.028234584968163768,6234774
1000.0,0.0,90.20907884563059,7.422344760806829,0.028204860937188343,6242587
1000.0,0.0,92.59159757718815,3.4706892755499723,0.028206402080677845,6250400
1000.0,0.0,88.73261236806734,12.391437664745556,0.028201187908235732,6258213
1000.0,0.0,91.93030721252467,3.2908181946881694,0.028197014201554006,6266026
1000.0,0.0,91.77713654584689,3.533856029461159,0.028190877560121303,6273839
1000.0,0.0,93.19898893043337,2.844721669084208,0.028183906861331404,6281652
1000.0,0.0,91.94605118024793,3.6263628651163775,0.028179410045674976,6289465
1000.0,0.0,92.27497842940369,3.0285804841043085,0.028175477345917386,6297278
1000.0,0.0,91.72604624087333,5.04373243787194,0.02815981747545127,6305091
1000.0,0.0,84.97308698711706,21.646167741315885,0.02816183801059059,6312904
1000.0,0.0,90.29220149596962,3.1936906198584323,0.028157008904808864,6320717
1000.0,0.0,89.47759028094518,11.367707841212713,0.02814104134338733,6328530
1000.0,0.0,91.93902210531456,2.9283151119661466,0.02813766619771552,6336343
1000.0,0.0,92.94084654264273,3.259731607616536,0.02813856924398749,6344156
1000.0,0.0,91.76315348079027,3.761014282972713,0.028124033136925883,6351969
1000.0,0.0,93.17716223771075,2.9272809093285144,0.028120303161763643,6359782
1000.0,0.0,91.98611010626504,3.0295119193982676,0.028118343901046075,6367595
1000.0,0.0,93.52940610473405,2.640693441592735,0.028112571822873078,6375408
1000.0,0.0,89.38657593405347,3.2627698657167326,0.02810685051507118,6383221
1000.0,0.0,91.49192690491901,3.3579743343956525,0.028101189629637483,6391034
1000.0,0.0,92.40554088552639,3.3231027837683134,0.02809398742668002,6398847
1000.0,0.0,92.45329538126846,4.163044243476499,0.028086967585098384,6406660
1000.0,0.0,93.13697390682681,3.475371317052398,0.028080670270555268,6414473
1000.0,0.0,91.97989894133202,3.1652670200540878,0.028075424720183057,6422286
1000.0,0.0,88.7149628067352,14.016023823372922,0.028068483757677926,6430099
1000.0,0.0,92.63048234405127,3.552634555648392,0.028061002484083598,6437912
1000.0,0.0,90.5063817719713,5.617171971533034,0.02806014959405624,6445725
1000.0,0.0,91.64837379134681,3.154992947299593,0.028053928185461707,6453538
1000.0,0.0,91.8425433227478,3.5362776817095973,0.028051062601856934,6461351
1000.0,0.0,85.90112455209345,23.776614737678898,0.028046421132362855,6469164
1000.0,0.0,91.49083974071488,5.744684441669237,0.028037107532323413,6476977
1000.0,0.0,92.1301649730145,3.1457559730974047,0.028029695148945138,6484790
1000.0,0.0,91.63503989260946,3.1967814087171447,0.028024027744611005,6492603
1000.0,0.0,92.6129692107405,3.3247508059690434,0.028021430503970306,6500416
1000.0,0.0,90.79931705930916,3.3492929730898293,0.02801755420900822,6508229
1000.0,0.0,91.85644911964876,3.1466707632926796,0.028005791932457048,6516042
1000.0,0.0,91.02008504448213,3.703148595490805,0.028001034947494532,6523855
1000.0,0.0,92.14938660900941,3.5463779275965606,0.027996547507763682,6531668
1000.0,0.0,90.76539823712503,3.3391184625176518,0.027991907321356306,6539481
1000.0,0.0,90.69938558762063,6.045967119254446,0.02799740213885066,6547294
1000.0,0.0,92.12965576299105,3.1980694310021716,0.027981192837653424,6555107
1000.0,0.0,90.77743032305162,3.7132333313126513,0.027980105429563553,6562920
1000.0,0.0,93.67723340467552,3.2932924055825543,0.027972344377513284,6570733
1000.0,0.0,93.16225148629998,3.29105881085379,0.02796768261870446,6578546
1000.0,0.0,91.21201202938803,2.990931129115189,0.027963339752469504,6586359
1000.0,0.0,90.08360091704127,3.189333269211668,0.027958916409140677,6594172
1000.0,0.0,91.05826241713261,3.0516840362989717,0.027952590874081217,6601985
1000.0,0.0,91.06796930992195,3.253716716356055,0.02795119760192072,6609798
1000.0,0.0,91.05501590491157,3.1331141390345993,0.027940570249625398,6617611
1000.0,0.0,92.77789704167276,3.2978004811538284,0.027935721245987057,6625424
1000.0,0.0,92.63215153369603,3.18926482512572,0.027929611446384357,6633237
1000.0,0.0,91.73992036452243,3.5794273276445256,0.027931706815849413,6641050
1000.0,0.0,91.94494460402466,3.211431733734335,0.027919189833294448,6648863
1000.0,0.0,92.49562120814112,3.3147166027485278,0.027916323119896166,6656676
1000.0,0.0,91.43464711596533,3.1551890696432534,0.02791562502443007,6664489
1000.0,0.0,92.58373902120681,2.902348045651084,0.02790884094752166,6672302
1000.0,0.0,92.87867005795142,2.915845251079372,0.027900852818453482,6680115
1000.0,0.0,88.52318500197886,9.496790544150038,0.027899261824591258,6687928
1000.0,0.0,92.13303825927375,3.570772271453907,0.027893485846855044,6695741
1000.0,0.0,90.06176836516077,3.4525380061692084,0.027888919199528173,6703554
1000.0,0.0,91.2868081939137,3.1523676913405048,0.027884279952906453,6711367
1000.0,0.0,92.74177388372632,3.369834597182688,0.02787675574835747,6719180
1000.0,0.0,92.11622706912284,3.2177135600741424,0.027875064492786466,6726993
1000.0,0.0,91.88379347960668,3.5528650342784887,0.027871811824675543,6734806
1000.0,0.0,91.75533336017823,2.640991661846213,0.027863567618255616,6742619
1000.0,0.0,92.5250983023826,3.4357673737304384,0.027859445217876175,6750432
1000.0,0.0,93.16568166250337,3.182835522534031,0.0278548938381363,6758245
1000.0,0.0,92.07304530525833,3.2637927076920805,0.027854051177757053,6766058
1000.0,0.0,93.4896298010765,3.8086337885984642,0.02784435943786567,6773871
1000.0,0.0,90.6474264271285,6.615307262758529,0.02784246699683074,6781684
1000.0,0.0,91.55842699784797,3.634212117132374,0.02783718961365507,6789497
1000.0,0.0,91.87271461205584,3.4651112423652717,0.027833735062989196,6797310
1000.0,0.0,92.53849481663717,3.4114539358324314,0.02782905062749497,6805123
1000.0,0.0,91.52829771828405,3.109022347128713,0.027824727550166236,6812936
1000.0,0.0,90.440629793233,9.957127990252362,0.027817999932409066,6820749
1000.0,0.0,92.40450572693614,3.088819596374505,0.027814551408817667,6828562
1000.0,0.0,89.38313051716445,12.381450470446708,0.027814560187066236,6836375
1000.0,0.0,93.72635143071625,3.143860725515292,0.027807630210424466,6844188
1000.0,0.0,91.92671661274282,3.1759561984513724,0.027802121092068564,6852001
1000.0,0.0,91.80633963455735,3.307529897155559,0.02779766865375989,6859814
1000.0,0.0,89.9393711728895,3.064459643181845,0.027796465111544794,6867627
1000.0,0.0,91.31965893271754,3.309079474157967,0.02779025531462247,6875440
1000.0,0.0,91.47869908721965,3.6031554177218497,0.027788026030674075,6883253
1000.0,0.0,92.04686590008518,3.6445864945640136,0.02778226101949087,6891066
1000.0,0.0,92.39432213051309,2.8391105861799533,0.02777933036870606,6898879
1000.0,0.0,92.16084529530903,3.010619758281361,0.027776717201292853,6906692
1000.0,0.0,91.3100847726584,3.2852393499813926,0.027771139986604264,6914505
1000.0,0.0,93.13706713798288,3.0638603187622606,0.027767618033359236,6922318
1000.0,0.0,91.28487757847759,3.3338521547409945,0.027765287879058752,6930131
1000.0,0.0,92.54437763924206,3.571350470179291,0.02775837706575266,6937944
1000.0,0.0,91.29250117205426,3.117578555845569,0.027753946218679305,6945757
1000.0,0.0,82.04873545126878,23.4006073330598,0.027751042410439537,6953570
1000.0,0.0,93.19607499598612,3.124655268264039,0.027749348909585976,6961383
1000.0,0.0,92.44779446961049,3.081228079580122,0.027744483176233053,6969196
1000.0,0.0,92.85284428419772,3.2352382079868147,0.027742808178576453,6977009
1000.0,0.0,91.68405414874273,3.7402391997031126,0.02773920993007012,6984822
1000.0,0.0,92.55982698910809,3.50415754981451,0.027735410919504783,6992635
1000.0,0.0,91.26968813382538,5.740516792633903,0.02773089586074934,7000448
1000.0,0.0,91.69313298915358,2.95498624699697,0.027726641123878213,7008261
1000.0,0.0,92.55186982654838,2.882794351635847,0.027722312131762898,7016074
1000.0,0.0,91.55628906762986,2.864008686997247,0.027719343422987045,7023887
1000.0,0.0,93.24676358844621,3.023691715606029,0.027715179074112563,7031700
1000.0,0.0,92.48055927733496,3.035513314700502,0.02771427270926664,7039513
1000.0,0.0,92.92810951679718,3.1376320320946243,0.02770972508390222,7047326
1000.0,0.0,90.98917602430724,4.033021105483002,0.027705988174541046,7055139
1000.0,0.0,92.45705232315873,3.081695739024519,0.027701484008910073,7062952
1000.0,0.0,91.93226728007352,3.2170237434203894,0.027699307368706613,7070765
1000.0,0.0,92.14617406820875,3.149453305893223,0.02769430775353176,7078578
1000.0,0.0,92.19916961169221,2.8035932675261996,0.02769404964069268,7086391
1000.0,0.0,92.64379855986202,2.978138044725084,0.027689244457015528,7094204
1000.0,0.0,91.77912123310695,3.108118455211031,0.02768866455094932,7102017
1000.0,0.0,92.4024443846888,3.0050065836116744,0.02768386872364876,7109830
1000.0,0.0,91.44771709260051,3.563694430357478,0.02768107622091349,7117643
1000.0,0.0,91.84031559752468,3.2035231728636218,0.02767942849230543,7125456
1000.0,0.0,92.61533282989052,3.2577719894654056,0.02767347309914339,7133269
1000.0,0.0,86.47701413901487,20.14481007130047,0.027673251855139653,7141082
1000.0,0.0,91.83466376716993,3.526064730221888,0.027669231333796878,7148895
1000.0,0.0,91.92549626158498,3.0119992315149253,0.027666535997341552,7156708
1000.0,0.0,91.82088072214265,3.247139677478065,0.027662990694398547,7164521
1000.0,0.0,93.15074807087962,3.057248182157918,0.027661253995101578,7172334
1000.0,0.0,93.17026883003965,3.2560522956338973,0.027655861641924146,7180147
1000.0,0.0,91.79921914530433,3.182019745213274,0.027654750961855684,7187960
1000.0,0.0,91.81759168748367,2.9956771934194912,0.027653229019608035,7195773
1000.0,0.0,93.02181398935905,3.2326960275648546,0.027650153435815377,7203586
1000.0,0.0,91.98743360160255,3.229151621648226,0.02764667898109461,7211399
1000.0,0.0,92.95656823488295,2.7382028089604993,0.027643399314284233,7219212
1000.0,0.0,92.71903446435165,3.4236941791484914,0.027641305592662986,7227025
1000.0,0.0,91.78781484679178,3.2760996857626212,0.027638894100155565,7234838
1000.0,0.0,85.49297096987765,15.263160547938956,0.02763437907406139,7242651
1000.0,0.0,91.65438458442343,3.2766429754588953,0.027634581148292564,7250464
1000.0,0.0,91.64688616789226,2.9675250851070643,0.027630708793421926,7258277
1000.0,0.0,91.82511691655074,2.955408551383277,0.02762858814080816,7266090
1000.0,0.0,91.16666663395839,2.711439442581294,0.027625315613938838,7273903
1000.0,0.0,92.89857083198395,3.7282594006976955,0.027623737203003845,7281716
1000.0,0.0,92.04919961446822,3.0476135385439767,0.027622019915458793,7289529
1000.0,0.0,91.27271030698803,5.779238353712225,0.02761792970262682,7297342
1000.0,0.0,92.33403648785252,3.206692442395524,0.02761775511510658,7305155
1000.0,0.0,93.40122498641873,3.2891322354899244,0.027615068817713084,7312968
1000.0,0.0,91.90440705274725,3.669044131255017,0.027612658120757562,7320781
1000.0,0.0,92.39497067181698,3.2652602633331704,0.027609255767783683,7328594
1000.0,0.0,91.69359166221837,5.383103664737475,0.027607999765633152,7336407
1000.0,0.0,92.73860052971378,3.1072250301845386,0.027605541782332273,7344220
1000.0,0.0,92.42792158256967,3.1621701855680535,0.027602847040216285,7352033
1000.0,0.0,92.44959935714591,3.1366152533460334,0.027601534851886378,7359846
1000.0,0.0,92.57333122035641,3.1630569680501437,0.027599072395185473,7367659
1000.0,0.0,92.0872475267245,3.458442645758195,0.02759719425191329,7375472
1000.0,0.0,92.65690727885301,3.2485399733560643,0.027595456336044023,7383285
1000.0,0.0,92.4864195098661,2.980958908881216,0.027593266816101004,7391098
1000.0,0.0,93.04450688444874,3.4888273004084245,0.027591055993152418,7398911
1000.0,0.0,92.90306782685862,2.874827298500657,0.027589582835853086,7406724
1000.0,0.0,92.3910068145571,3.377394279699001,0.027588368717351583,7414537
1000.0,0.0,92.45048112201106,3.193986991835572,0.027585691493111925,7422350
1000.0,0.0,92.9810828574287,3.1423901017627855,0.027584638343579063,7430163
1000.0,0.0,92.54139300574872,2.9352528859489087,0.027582511156330158,7437976
1000.0,0.0,86.16373263533394,21.626838278933498,0.027580503177655466,7445789
1000.0,0.0,87.69701065584489,15.195923007565959,0.027579001501358977,7453602
1000.0,0.0,92.14111138345154,2.912246146817574,0.02757691984199218,7461415
1000.0,0.0,92.21573944852788,3.0272260853477113,0.027575568654693225,7469228
1000.0,0.0,92.85596425683424,3.1480993078674144,0.027574289485937997,7477041
1000.0,0.0,92.78989146116109,2.7916425823738016,0.02757218006450463,7484854
1000.0,0.0,92.22977143677092,3.7354855318529214,0.027571059827085177,7492667
1000.0,0.0,92.25332687134026,2.9829153346631316,0.02756992818540484,7500480
1000.0,0.0,92.90321054899464,3.150846123853521,0.027568521396491047,7508293
1000.0,0.0,92.73458438466847,3.3402791498897555,0.02756735056845659,7516106
1000.0,0.0,92.27975943339099,3.4134276409587097,0.02756577483479075,7523919
1000.0,0.0,92.18538932723237,3.15039162587494,0.027564782217291743,7531732
1000.0,0.0,92.70493220815227,3.16485493350105,0.02756196446025418,7539545
1000.0,0.0,91.84430499300935,3.09831382696478,0.027561627403492755,7547358
1000.0,0.0,92.85347696597852,3.1512642039430125,0.027559871612857844,7555171
1000.0,0.0,91.5598544640812,6.801344582872719,0.02755851275898474,7562984
1000.0,0.0,92.80613254753801,3.39572824588176,0.02755705791320643,7570797
1000.0,0.0,92.1410853869981,3.1148851248781733,0.027556378377677118,7578610
1000.0,0.0,92.43163435434909,3.2063236999643903,0.02755551740172419,7586423
1000.0,0.0,92.44268410418324,3.2120809840060014,0.027554031821466204,7594236
1000.0,0.0,92.93000841667788,2.844795120317147,0.02755290084350048,7602049
1000.0,0.0,91.76618744018444,3.040267455313543,0.02755171191111792,7609862
1000.0,0.0,92.17541432357187,3.711348379106089,0.027550951106995857,7617675
1000.0,0.0,92.23368658906266,3.0808882079861486,0.027550403743221267,7625488
1000.0,0.0,92.05094280556992,3.1493932166347385,0.027549338348578967,7633301
1000.0,0.0,92.21123666466883,3.1010107889940013,0.027548160385371355,7641114
1000.0,0.0,92.91975185404416,3.0224764433019096,0.02754777256133815,7648927
1000.0,0.0,92.59781041574936,3.1292908796563266,0.027546479562806533,7656740
1000.0,0.0,92.13577908736485,3.1769268905512247,0.027545847002267577,7664553
1000.0,0.0,92.46181336885138,3.4904436359687026,0.027545068277606135,7672366
1000.0,0.0,92.19815174597534,3.294590074550164,0.027544286197656084,7680179
1000.0,0.0,92.0763699238938,3.063423306166385,0.027543857347510706,7687992
1000.0,0.0,92.33746364806473,2.8714697648711964,0.027543270475776233,7695805
1000.0,0.0,92.51683567795425,3.27668783725962,0.027542530949150417,7703618
1000.0,0.0,92.23122684501558,2.965403894351357,0.027542333892593817,7711431
1000.0,0.0,92.54920512024394,2.950380179677739,0.02754146518212193,7719244
1000.0,0.0,92.19146243518873,3.360445926955597,0.027540779926343413,7727057
1000.0,0.0,92.2198124019159,4.093697670238621,0.02753998658064461,7734870
1000.0,0.0,92.51813005247539,3.2440391093011063,0.027540314133696,7742683
1000.0,0.0,92.07626272708409,2.9499748650605038,0.027539375183406982,7750496
1000.0,0.0,92.51511429237233,3.4750431648537123,0.02753904329713691,7758309
1000.0,0.0,92.17917887107141,3.640798758737027,0.02753874724574713,7766122
1000.0,0.0,92.4258460144312,3.286733759186143,0.027538472095414625,7773935
1000.0,0.0,92.52779027872293,3.1273965228585205,0.027538248397048517,7781748
1000.0,0.0,92.42538467338623,2.8987700067820565,0.02753800772579638,7789561
1000.0,0.0,91.97192624101217,3.154173047336861,0.027538430581528914,7797374
1000.0,0.0,92.04546869085524,3.061064159000965,0.02753763132032864,7805187
1000.0,0.0,92.63471549732824,2.8917482033479556,0.027537875842032843,7813000
